month,Brooklyn,Manhattan,NYC,Queens
2007-01,,2532,2203,
2007-02,,2474,2169,
2007-03,,2481,2183,
2007-04,,2511,2198,
2007-05,,2537,2222,
2007-06,,2560,2241,
2007-07,,2599,2273,
2007-08,,2634,2300,
2007-09,,2650,2319,
2007-10,,2661,2332,
2007-11,,2682,2345,
2007-12,,2692,2352,
2008-01,,2695,2354,
2008-02,,2693,2357,
2008-03,,2699,2362,
2008-04,,2698,2362,
2008-05,,2698,2361,
2008-06,,2697,2362,
2008-07,,2698,2364,
2008-08,,2698,2365,
2008-09,,2686,2356,
2008-10,,2658,2332,
2008-11,,2628,2307,
2008-12,,2593,2276,
2009-01,,2557,2246,
2009-02,,2522,2218,
2009-03,,2494,2194,
2009-04,,2470,2173,
2009-05,,2453,2159,
2009-06,,2443,2150,
2009-07,,2443,2150,
2009-08,,2438,2146,
2009-09,,2438,2146,
2009-10,,2431,2140,
2009-11,,2419,2131,
2009-12,,2411,2123,
2010-01,1837,2415,2126,
2010-02,1833,2420,2130,
2010-03,1842,2424,2133,
2010-04,1847,2432,2139,
2010-05,1862,2444,2149,
2010-06,1881,2459,2164,
2010-07,1888,2476,2178,
2010-08,1899,2490,2191,
2010-09,1906,2506,2205,
2010-10,1921,2516,2214,
2010-11,1913,2523,2219,
2010-12,1927,2530,2226,
2011-01,1933,2543,2237,
2011-02,1938,2554,2246,
2011-03,1938,2568,2258,
2011-04,1960,2585,2273,
2011-05,1977,2599,2286,
2011-06,1990,2616,2301,
2011-07,2004,2636,2317,
2011-08,2020,2652,2332,
2011-09,2032,2666,2344,
2011-10,2045,2680,2357,
2011-11,2049,2685,2361,
2011-12,2048,2689,2364,
2012-01,2049,2696,2370,1759
2012-02,2061,2705,2378,1789
2012-03,2065,2718,2389,1797
2012-04,2087,2731,2401,1789
2012-05,2097,2748,2416,1806
2012-06,2111,2761,2428,1801
2012-07,2126,2777,2442,1811
2012-08,2140,2790,2454,1799
2012-09,2151,2800,2462,1808
2012-10,2164,2806,2469,1808
2012-11,2182,2811,2475,1818
2012-12,2193,2812,2477,1822
2013-01,2198,2814,2480,1822
2013-02,2204,2824,2488,1815
2013-03,2206,2831,2494,1817
2013-04,2220,2840,2502,1822
2013-05,2237,2856,2517,1836
2013-06,2254,2868,2529,1844
2013-07,2274,2880,2542,1862
2013-08,2288,2891,2552,1874
2013-09,2296,2900,2560,1883
2013-10,2305,2904,2564,1885
2013-11,2305,2904,2563,1879
2013-12,2305,2898,2558,1875
2014-01,2306,2900,2560,1879
2014-02,2311,2904,2564,1882
2014-03,2314,2911,2569,1886
2014-04,2326,2927,2582,1897
2014-05,2344,2946,2599,1904
2014-06,2357,2959,2611,1911
2014-07,2370,2972,2624,1928
2014-08,2386,2986,2638,1940
2014-09,2393,2993,2644,1955
2014-10,2393,2997,2647,1962
2014-11,2393,2996,2647,1963
2014-12,2395,2997,2648,1969
2015-01,2404,3002,2654,1978
2015-02,2410,3013,2663,1984
2015-03,2416,3025,2672,1986
2015-04,2429,3041,2685,1993
2015-05,2443,3060,2701,2002
2015-06,2457,3078,2717,2010
2015-07,2473,3093,2732,2029
2015-08,2485,3105,2743,2040
2015-09,2497,3111,2751,2047
2015-10,2499,3112,2751,2049
2015-11,2502,3106,2749,2047
2015-12,2500,3101,2745,2045
2016-01,2500,3100,2745,2050
2016-02,2500,3101,2745,2052
2016-03,2505,3107,2751,2057
2016-04,2513,3118,2760,2066
2016-05,2520,3132,2771,2073
2016-06,2528,3144,2782,2083
2016-07,2537,3154,2790,2087
2016-08,2544,3159,2796,2095
2016-09,2549,3158,2797,2099
2016-10,2546,3149,2791,2098
2016-11,2543,3136,2782,2092
2016-12,2533,3126,2773,2088
2017-01,2530,3117,2767,2086
2017-02,2528,3113,2765,2093
2017-03,2528,3114,2765,2094
2017-04,2533,3122,2772,2099
2017-05,2541,3134,2781,2100
2017-06,2550,3147,2791,2107
2017-07,2559,3156,2801,2117
2017-08,2569,3163,2808,2120
2017-09,2571,3162,2808,2121
2017-10,2565,3153,2799,2106
2017-11,2559,3137,2788,2096
2017-12,2555,3127,2778,2081
2018-01,2551,3120,2773,2077
2018-02,2550,3123,2774,2076
2018-03,2554,3130,2780,2081
2018-04,2563,3142,2790,2088
2018-05,2573,3159,2804,2097
2018-06,2585,3177,2819,2107
2018-07,2597,3192,2832,2117
2018-08,2608,3206,2844,2126
2018-09,2612,3214,2851,2134
2018-10,2609,3210,2847,2134
2018-11,2605,3203,2841,2131
2018-12,2596,3195,2834,2132
2019-01,2594,3193,2831,2129
2019-02,2598,3198,2835,2131
2019-03,2609,3207,2845,2136
2019-04,2624,3221,2857,2138
2019-05,2642,3240,2875,2156
2019-06,2657,3257,2892,2168
2019-07,2674,3274,2908,2181
2019-08,2693,3289,2923,2192
2019-09,2707,3294,2931,2196
2019-10,2713,3291,2932,2198
2019-11,2718,3287,2930,2195
2019-12,2719,3278,2926,2192
2020-01,2724,3277,2927,2192
2020-02,2730,3277,2929,2195
2020-03,2737,3265,2925,2201
2020-04,2735,3245,2913,2194
2020-05,2724,3209,2890,2190
2020-06,2707,3171,2861,2180
2020-07,2687,3122,2826,2170
2020-08,2659,3060,2781,2152
2020-09,2624,2989,2729,2128
2020-10,2582,2913,2670,2096
2020-11,2541,2846,2618,2067
2020-12,2507,2790,2574,2035
2021-01,2482,2744,2537,2005
2021-02,2466,2716,2515,1989
2021-03,2463,2706,2507,1976
2021-04,2474,2719,2516,1972
2021-05,2497,2760,2545,1972
2021-06,2531,2824,2593,1992
2021-07,2574,2907,2654,2014
2021-08,2621,2998,2723,2051
2021-09,2667,3081,2788,2085
2021-10,2708,3156,2846,2122
2021-11,2741,3222,2897,2157
2021-12,2768,3282,2941,2183
2022-01,2806,3338,2987,2211
2022-02,2842,3394,3032,2232
2022-03,2880,3454,3077,2250
2022-04,2921,3514,3125,2269
2022-05,2963,3577,3178,2297
2022-06,3014,3635,3232,2331
2022-07,3061,3684,3278,2367
2022-08,3100,3726,3317,2394
2022-09,3132,3753,3344,2415
2022-10,3151,3748,3350,2431
2022-11,3141,3731,3338,2435
2022-12,3134,3719,3328,2434
2023-01,3138,3714,3328,2443
2023-02,3136,3720,3332,2450
2023-03,3149,3735,3344,2456
2023-04,3168,3762,3366,2470
2023-05,3192,3791,3392,2489
2023-06,3218,3822,3420,2512
2023-07,3249,3848,3446,2534
2023-08,3273,3865,3464,2548
2023-09,3287,3861,3467,2550
2023-10,3288,3844,3458,2554
2023-11,3279,3820,3443,2551
2023-12,3264,3802,3430,2553
2024-01,3268,3799,3430,2553
2024-02,3278,3810,3440,2560
2024-03,3298,3833,3460,2570
2024-04,3317,3864,3484,2577
2024-05,3334,3905,3511,2593
2024-06,3358,3943,3541,2610
2024-07,3381,3974,3566,2622
2024-08,3394,3995,3584,2639
2024-09,3399,3997,3587,2643
2024-10,3395,3986,3581,2646
2024-11,3386,3976,3573,2639
2024-12,3385,3966,3569,2642
2025-01,3396,3970,3575,2643
2025-02,3403,3989,3587,2646
2025-03,3425,4025,3613,2656
2025-04,3454,4061,3642,2661
2025-05,3484,4105,3675,2671
2025-06,3512,4150,3710,2687
2025-07,3534,4194,3744,2713
2025-08,3556,4231,3774,2735
2025-09,3572,4255,3793,2746
2025-10,3573,4253,3792,2746
2025-11,3566,4243,3785,2749
2025-12,3557,4235,3778,2749
2026-01,3566,4232,3778,2743
2026-02,3571,4250,3788,2742
2026-03,3585,4282,3810,2754
2026-04,3609,4323,3843,2775
2026-05,3637,4370,3879,2790
2026-06,3662,4424,3919,2806
2026-07,3691,4473,3956,2822
2026-08,3717,4509,3985,2835
2026-09,3736,4535,4007,2849
